ProductID,ProductName,Category,CostPrice,StockQuantity,ReorderLevel,ExpiryDate,SellingPrice
P0000,Product rwHC,Wellness,352.1,313,19,2027-12-14,462.06
P0001,Product FUtF,Equipment,272.69,459,11,2026-06-10,370.96
P0002,Product KRjS,Prescription,161.67,463,25,2027-06-11,219.52
P0003,Product Ixmd,Wellness,408.76,421,46,2027-04-12,541.41
P0004,Product jnwE,Wellness,345.52,126,30,2026-11-22,487.45
P0005,Product edSj,Equipment,89.68,230,48,2026-09-12,106.0
P0006,Product nnYn,Prescription,456.35,163,18,2028-02-06,634.44
P0007,Product yBMv,Prescription,413.04,162,41,2027-11-18,556.73
P0008,Product UfeU,Wellness,475.4,21,25,2027-08-23,693.34
P0009,Product JtXS,OTC,365.6,142,22,2027-04-19,526.05
P0010,Product msQP,Wellness,310.57,491,9,2025-05-30,380.78
P0011,Product nmvn,Wellness,214.94,313,7,2025-06-27,260.18
P0012,Product nDek,Wellness,467.04,302,27,2026-10-07,697.13
P0013,Product mGQt,Wellness,434.37,472,30,2027-08-01,569.42
P0014,Product BJuL,Equipment,32.16,309,41,2025-09-20,47.04
P0015,Product lELc,Prescription,22.92,237,28,2026-02-08,26.71
P0016,Product gbnx,Equipment,194.47,280,23,2028-01-20,263.92
P0017,Product kodx,Equipment,407.17,52,29,2025-11-10,579.79
P0018,Product sPYd,Equipment,493.77,441,25,2025-06-06,730.27
P0019,Product ZJAD,Wellness,83.7,352,16,2026-11-27,103.36
P0020,Product pEHH,OTC,301.12,335,45,2026-10-21,418.55
P0021,Product Vqix,Prescription,196.64,311,37,2025-06-19,258.68
P0022,Product rSvD,OTC,485.26,373,8,2026-02-22,545.55
P0023,Product UnbM,Equipment,422.64,388,46,2027-05-01,581.55
P0024,Product RvHV,Equipment,420.78,436,11,2027-12-20,579.01
P0025,Product IcAd,OTC,239.66,30,26,2027-04-15,352.84
P0026,Product hfeo,OTC,213.26,416,37,2027-11-21,277.01
P0027,Product kcXd,OTC,143.97,116,21,2025-07-25,171.63
P0028,Product VUHi,Equipment,37.62,345,28,2026-02-12,42.05
P0029,Product uGua,Equipment,433.71,312,38,2027-11-10,549.19
P0030,Product XpNV,Prescription,408.32,126,32,2026-10-10,498.46
P0031,Product EVCJ,Prescription,499.86,133,47,2026-05-07,702.02
P0032,Product BykZ,Equipment,498.35,408,45,2027-11-03,618.8
P0033,Product yGMX,OTC,282.16,290,43,2026-01-01,417.49
P0034,Product MgAy,OTC,386.8,301,26,2028-03-05,574.37
P0035,Product dtAh,Prescription,472.94,212,21,2028-03-30,637.7
P0036,Product fwQR,Equipment,426.33,60,38,2025-09-14,627.33
P0037,Product tTlq,Prescription,131.2,280,10,2026-12-14,184.25
P0038,Product ogut,Prescription,230.77,333,10,2027-05-16,304.33
P0039,Product MPjf,Wellness,73.29,286,38,2026-12-06,85.9
P0040,Product weGe,Wellness,477.49,150,5,2026-11-11,612.83
P0041,Product OEKY,Wellness,307.03,479,14,2025-08-23,406.62
P0042,Product HsPQ,OTC,122.03,284,25,2025-07-07,176.4
P0043,Product AGPp,Equipment,339.13,299,9,2026-02-28,438.34
P0044,Product NPzl,Equipment,312.88,343,6,2026-09-11,456.51
P0045,Product trKr,Equipment,185.5,390,26,2026-02-15,254.09
P0046,Product fxsa,Equipment,65.64,461,6,2027-12-09,75.8
P0047,Product IjYv,Wellness,339.07,382,14,2026-06-14,507.92
P0048,Product kKtk,OTC,264.95,61,38,2026-02-24,347.32
P0049,Product wekF,OTC,388.44,36,20,2027-03-29,488.17
P0050,Product KFLj,Wellness,264.88,166,43,2027-01-24,361.2
P0051,Product KVWL,OTC,427.57,248,26,2027-11-05,488.95
P0052,Product gKXF,Wellness,280.43,165,16,2026-09-24,379.87
P0053,Product ywfx,Equipment,284.86,300,28,2026-09-05,370.12
P0054,Product iGbK,Wellness,439.56,145,44,2025-08-15,555.02
P0055,Product auUL,Equipment,207.71,153,42,2025-06-11,307.66
P0056,Product dgJF,Equipment,75.67,115,14,2025-05-29,99.05
P0057,Product YCuG,Prescription,24.1,429,39,2025-08-09,28.62
P0058,Product IgJA,Wellness,380.02,167,36,2027-06-21,487.79
P0059,Product osNs,Prescription,313.95,155,11,2027-08-29,460.8
P0060,Product abgy,Wellness,355.0,11,25,2027-09-07,415.51
P0061,Product uYXk,Wellness,114.35,442,24,2028-03-12,135.57
P0062,Product qjNI,Prescription,76.82,86,30,2028-01-06,84.9
P0063,Product YAKO,Prescription,17.13,141,8,2026-09-02,18.94
P0064,Product Cohk,Wellness,181.79,99,26,2026-11-20,260.28
P0065,Product nMnA,OTC,299.06,354,19,2026-01-15,416.55
P0066,Product fCDA,Equipment,202.2,359,44,2026-04-04,251.14
P0067,Product jChP,Prescription,224.36,468,25,2026-12-03,309.47
P0068,Product kppv,Equipment,453.04,272,19,2027-11-17,569.96
P0069,Product ZSLq,OTC,180.65,360,26,2026-10-09,267.57
P0070,Product khKl,OTC,261.85,117,32,2025-08-03,389.32
P0071,Product yhuY,OTC,393.99,83,18,2027-02-24,495.29
P0072,Product dXOl,Prescription,204.31,48,31,2027-02-04,294.55
P0073,Product NzeL,OTC,314.82,406,45,2025-12-20,443.66
P0074,Product odyY,Prescription,432.56,168,44,2027-08-28,529.45
P0075,Product ynCQ,OTC,475.27,80,32,2026-07-03,566.91
P0076,Product GySA,Equipment,82.07,456,30,2026-11-06,105.32
P0077,Product GnVU,Equipment,464.03,321,6,2028-03-18,655.46
P0078,Product RBDe,Wellness,251.14,250,29,2028-03-19,372.71
P0079,Product gcOE,Equipment,136.54,435,7,2025-08-30,191.9
P0080,Product RHDM,Wellness,234.98,454,12,2028-03-10,338.86
P0081,Product gsUo,Equipment,490.22,307,48,2026-12-01,657.5
P0082,Product sVGY,Prescription,251.38,449,37,2026-08-16,360.52
P0083,Product skxo,Equipment,171.09,45,46,2027-04-06,241.88
P0084,Product dnsQ,Wellness,320.37,93,39,2026-09-29,400.72
P0085,Product tqzX,Wellness,127.67,461,10,2025-07-26,168.63
P0086,Product Qmqk,OTC,47.17,383,43,2025-07-04,67.07
P0087,Product Nrrc,Prescription,73.15,272,27,2027-03-10,81.81
P0088,Product sBMX,Equipment,72.74,319,29,2026-09-13,103.53
P0089,Product wDjQ,OTC,84.43,394,47,2027-08-30,98.88
P0090,Product TXsG,Equipment,78.03,181,23,2027-02-13,101.9
P0091,Product eeTm,Equipment,324.03,385,9,2025-06-29,461.2
P0092,Product Pfrx,OTC,99.12,182,15,2026-04-20,119.1
P0093,Product qauX,OTC,179.38,371,16,2027-01-16,214.96
P0094,Product nkIM,OTC,449.43,56,14,2025-08-22,566.78
P0095,Product jIdB,OTC,242.24,388,12,2027-10-09,353.15
P0096,Product pMaq,OTC,337.1,150,28,2025-05-12,370.87
P0097,Product yYUw,Equipment,94.44,384,32,2026-08-14,137.93
P0098,Product rmNX,OTC,104.22,415,45,2026-04-13,121.05
P0099,Product HxFw,Prescription,30.03,127,40,2025-09-24,44.93
P0100,Product kAOJ,Wellness,92.78,286,41,2026-04-04,137.49
P0101,Product APCJ,OTC,146.51,223,25,2025-06-08,190.15
P0102,Product SgXI,OTC,96.74,229,12,2026-01-06,126.25
P0103,Product wXKl,Equipment,53.46,402,13,2026-03-04,69.1
P0104,Product WfWp,OTC,69.11,35,19,2027-07-15,93.59
P0105,Product HSVD,OTC,235.78,18,44,2026-11-29,267.91
P0106,Product TOWR,OTC,111.1,280,22,2026-03-24,123.66
P0107,Product TGTC,Equipment,188.49,19,46,2025-12-18,211.69
P0108,Product JwHn,OTC,256.67,481,24,2025-06-22,327.96
P0109,Product rehr,Wellness,348.29,387,10,2028-04-10,421.51
P0110,Product GMHz,Equipment,29.26,130,16,2025-09-30,39.47
P0111,Product MbNI,Wellness,401.71,134,6,2028-04-07,601.35
P0112,Product Moyx,Equipment,317.67,179,11,2026-10-26,398.53
P0113,Product Wzdk,OTC,50.06,81,20,2025-12-10,66.56
P0114,Product jWUd,Wellness,438.05,161,7,2026-11-21,554.68
P0115,Product jydN,Equipment,461.23,217,49,2027-04-19,663.67
P0116,Product wwyo,Prescription,39.93,58,7,2027-04-02,58.33
P0117,Product UVNs,OTC,145.67,163,31,2026-02-05,211.36
P0118,Product WqGj,Equipment,405.04,356,47,2027-12-18,603.41
P0119,Product ESFe,Prescription,376.65,302,44,2027-03-24,418.46
P0120,Product bMVc,Equipment,100.42,77,42,2028-01-15,144.2
P0121,Product waDi,Prescription,112.58,59,37,2026-05-03,157.69
P0122,Product CUHz,OTC,191.53,161,32,2026-11-06,228.2
P0123,Product MJzF,Wellness,247.42,28,5,2025-06-02,366.81
P0124,Product psSB,Prescription,312.94,109,12,2026-10-22,362.78
P0125,Product OPRC,Equipment,190.77,69,41,2026-09-16,261.7
P0126,Product GipO,OTC,236.64,176,36,2027-08-19,281.59
P0127,Product Yodg,Prescription,376.26,211,47,2027-05-15,478.81
P0128,Product SPtQ,Equipment,27.97,354,41,2027-10-23,38.81
P0129,Product pPSA,Equipment,133.69,155,8,2027-10-17,177.18
P0130,Product Qgmj,Equipment,359.54,412,34,2026-09-24,456.98
P0131,Product xvRE,Prescription,448.65,173,10,2026-10-19,552.08
P0132,Product GIlC,Prescription,260.72,467,23,2027-05-15,374.36
P0133,Product PhVC,Prescription,270.74,490,36,2028-01-11,313.39
P0134,Product uIFp,Wellness,62.51,448,13,2027-12-02,79.52
P0135,Product EZgp,Prescription,229.23,251,16,2028-03-03,335.02
P0136,Product hmFs,Prescription,270.98,78,15,2027-08-19,389.76
P0137,Product PprP,Prescription,128.81,184,20,2026-12-19,162.35
P0138,Product mYgo,Wellness,141.93,58,5,2026-08-03,199.45
P0139,Product alOJ,Prescription,194.87,492,49,2027-07-10,278.52
P0140,Product WUlq,Equipment,19.83,117,25,2027-01-18,28.86
P0141,Product cMaK,Prescription,167.82,235,34,2027-03-31,221.15
P0142,Product wLNC,Equipment,113.61,170,17,2025-11-26,134.26
P0143,Product YsZt,Equipment,170.47,128,38,2026-09-02,204.93
P0144,Product EyRU,Equipment,68.68,158,8,2026-01-01,83.67
P0145,Product FYOM,Wellness,446.36,474,32,2027-10-17,597.02
P0146,Product aGFr,Wellness,300.86,159,42,2026-10-06,334.89
P0147,Product AVUl,Wellness,342.76,441,35,2026-07-26,464.24
P0148,Product xhgp,Prescription,396.69,302,31,2025-09-22,494.17
P0149,Product nxLU,Equipment,254.24,152,9,2027-04-19,309.69
P0150,Product xgLv,Wellness,52.59,428,29,2025-09-18,76.35
P0151,Product nLux,Wellness,273.18,485,7,2028-05-06,350.76
P0152,Product GJMp,Prescription,297.55,464,37,2025-10-12,338.62
P0153,Product MtIh,Wellness,375.27,169,8,2025-09-14,536.9
P0154,Product pgNu,Prescription,221.51,20,29,2027-04-28,247.88
P0155,Product KJPU,OTC,72.51,147,24,2025-08-26,100.84
P0156,Product XITv,Wellness,149.05,466,38,2027-01-31,210.1
P0157,Product HKPS,OTC,187.91,87,30,2027-02-13,233.2
P0158,Product VarX,Prescription,326.5,86,9,2026-07-10,466.87
P0159,Product wYiv,Equipment,289.68,450,39,2025-05-21,378.4
P0160,Product AnAT,Wellness,184.49,263,32,2028-04-13,237.13
P0161,Product pJin,Prescription,493.39,418,33,2025-07-01,551.69
P0162,Product uTDu,Equipment,306.83,267,13,2028-04-13,373.11
P0163,Product dpFQ,Equipment,126.24,329,42,2028-04-21,185.88
P0164,Product kvhN,OTC,59.87,300,10,2026-12-14,75.24
P0165,Product OHNB,Prescription,84.9,272,23,2025-09-28,111.96
P0166,Product bqge,Equipment,130.52,94,48,2027-10-07,171.35
P0167,Product kqtN,Wellness,88.73,155,15,2025-12-06,118.56
P0168,Product nYof,Wellness,101.42,332,6,2026-06-24,114.05
P0169,Product ZjZe,OTC,149.7,51,48,2027-07-11,186.36
P0170,Product itEc,Equipment,94.95,383,48,2026-10-09,131.91
P0171,Product YWsN,Prescription,449.42,134,13,2027-01-23,530.42
P0172,Product lXRF,Wellness,49.31,176,25,2026-11-08,58.26
P0173,Product yguQ,Equipment,267.01,434,28,2027-07-23,294.79
P0174,Product iGEp,Equipment,211.09,250,38,2026-06-29,269.14
P0175,Product CnCw,OTC,491.37,468,26,2025-11-03,714.01
P0176,Product TONE,Wellness,64.9,496,7,2027-10-04,72.74
P0177,Product kDaB,Wellness,204.95,289,16,2027-06-03,241.11
P0178,Product pHul,Prescription,485.04,197,32,2026-04-05,593.71
P0179,Product DVha,Wellness,434.1,311,34,2027-08-14,604.57
P0180,Product qcwG,Prescription,410.37,28,30,2027-10-18,556.57
P0181,Product MiSb,Wellness,136.37,77,25,2025-11-26,172.7
P0182,Product WBns,OTC,93.73,227,32,2028-04-11,131.56
P0183,Product KsCV,Wellness,337.64,111,30,2025-07-10,453.74
P0184,Product yElW,Prescription,465.39,51,37,2025-12-16,678.73
P0185,Product mkWg,Prescription,282.81,297,25,2026-10-03,403.63
P0186,Product ndCO,OTC,290.09,176,39,2027-09-21,348.43
P0187,Product Wxqj,Wellness,147.19,118,38,2026-02-16,177.89
P0188,Product UfkF,Wellness,387.05,45,45,2026-10-02,445.16
P0189,Product uNjn,OTC,101.65,241,22,2025-11-11,125.52
P0190,Product lUgH,Wellness,168.6,238,15,2026-11-30,252.87
P0191,Product uDMi,Wellness,218.46,362,27,2025-09-10,275.76
P0192,Product NmJa,Prescription,258.73,173,26,2027-07-31,307.42
P0193,Product tcmT,Wellness,128.78,396,21,2025-08-20,180.94
P0194,Product ebGx,Wellness,66.27,82,9,2026-11-12,87.28
P0195,Product ChIM,OTC,309.2,145,48,2025-11-07,358.62
P0196,Product hUQI,OTC,151.43,362,15,2025-08-02,189.63
P0197,Product flzH,Equipment,294.81,388,34,2027-05-19,373.17
P0198,Product VSUJ,Prescription,85.64,79,19,2028-01-16,120.03
P0199,Product EwTW,Wellness,245.76,434,31,2026-11-01,272.37
P0200,Product nMwd,Wellness,270.97,496,39,2028-04-27,327.23
P0201,Product ixKd,Equipment,35.39,205,37,2027-11-10,46.26
P0202,Product MUyl,Wellness,174.94,278,24,2027-09-06,211.25
P0203,Product Rrvf,Prescription,75.86,58,20,2027-03-22,102.52
P0204,Product ejsz,Equipment,41.05,325,38,2027-08-21,53.07
P0205,Product PMlc,Prescription,495.08,139,6,2025-10-31,616.22
P0206,Product KXUb,Equipment,167.95,453,39,2026-03-27,248.51
P0207,Product brnJ,Equipment,406.84,14,44,2026-09-16,550.4
P0208,Product HZoi,OTC,134.77,437,32,2028-01-14,155.25
P0209,Product ZIDE,Prescription,343.94,36,43,2026-05-29,455.39
P0210,Product wzJw,Wellness,382.51,169,10,2027-12-26,540.22
P0211,Product uJeI,Wellness,301.86,158,13,2025-09-21,417.59
P0212,Product EZjn,Prescription,241.07,273,24,2025-12-03,281.77
P0213,Product PXci,Wellness,211.8,239,5,2025-08-30,315.36
P0214,Product IwCH,Wellness,180.95,209,12,2025-10-30,231.53
P0215,Product fjvT,Prescription,465.47,59,27,2025-11-18,541.63
P0216,Product SDqV,Equipment,417.0,76,7,2027-10-18,488.76
P0217,Product zmGK,Prescription,482.86,309,8,2027-12-14,550.12
P0218,Product eMmh,Equipment,70.91,390,29,2027-06-13,100.79
P0219,Product LOeR,Wellness,368.13,67,42,2027-12-09,422.91
P0220,Product gAgP,Wellness,469.79,268,19,2027-08-06,540.28
P0221,Product rgoH,Wellness,98.8,351,25,2025-12-30,142.29
P0222,Product cYEj,OTC,42.58,335,39,2026-02-05,52.71
P0223,Product Ckwc,Equipment,373.15,139,18,2027-11-06,415.07
P0224,Product yNHg,OTC,291.49,224,40,2025-12-24,326.69
P0225,Product LXMW,OTC,422.5,181,16,2028-04-10,488.78
P0226,Product gumn,Prescription,78.49,267,21,2027-08-31,93.04
P0227,Product qaqq,OTC,399.68,111,43,2027-01-30,545.99
P0228,Product bSLc,Prescription,108.8,218,13,2027-04-09,126.53
P0229,Product sCEk,Prescription,90.19,300,39,2025-07-13,103.5
P0230,Product TBbh,OTC,90.49,363,17,2026-09-29,127.22
P0231,Product Slhf,Equipment,409.14,480,19,2028-02-18,559.88
P0232,Product NqHU,Equipment,335.95,295,22,2027-03-19,428.04
P0233,Product awTY,Equipment,266.3,125,37,2026-06-08,351.44
P0234,Product hCJc,Equipment,185.83,273,10,2027-06-25,227.6
P0235,Product csPa,Equipment,439.83,159,31,2028-03-29,568.7
P0236,Product XLTZ,OTC,202.3,309,27,2028-01-27,263.53
P0237,Product ipVZ,OTC,410.13,451,31,2026-04-03,514.67
P0238,Product sMRt,Wellness,225.18,45,38,2027-06-14,329.35
P0239,Product vTJR,Equipment,194.7,462,42,2028-02-27,215.42
P0240,Product vHWO,OTC,236.71,342,18,2027-12-23,334.44
P0241,Product QBQX,Wellness,157.68,486,40,2027-04-30,181.29
P0242,Product xREg,Equipment,376.33,296,12,2026-12-23,534.02
P0243,Product atYY,Prescription,256.33,312,39,2028-01-29,345.11
P0244,Product cumM,Wellness,123.78,320,23,2027-09-21,177.91
P0245,Product RUHT,OTC,450.79,217,34,2026-01-20,513.45
P0246,Product UypB,Prescription,198.11,115,18,2027-10-18,262.22
P0247,Product uGEx,Prescription,276.34,455,24,2025-10-11,359.36
P0248,Product EFbn,Prescription,454.17,167,29,2026-01-27,627.88
P0249,Product CcGG,Wellness,315.88,130,44,2025-07-18,414.98
P0250,Product IpUG,OTC,67.28,64,28,2025-08-03,88.56
P0251,Product tYhF,Prescription,470.52,409,18,2027-07-04,598.43
P0252,Product hRUN,Equipment,317.58,21,30,2026-05-23,388.57
P0253,Product QdDa,Prescription,174.1,154,42,2026-10-11,225.09
P0254,Product NvMJ,Prescription,78.24,409,27,2027-11-07,89.77
P0255,Product mHRi,Wellness,399.07,405,26,2027-06-02,592.46
P0256,Product OfYJ,Wellness,313.84,145,23,2025-07-10,434.91
P0257,Product rxvn,OTC,271.4,477,7,2025-07-29,401.94
P0258,Product djrb,Equipment,448.01,12,46,2026-01-17,533.44
P0259,Product UpNz,Wellness,396.41,153,23,2025-07-19,575.48
P0260,Product vlgH,Prescription,84.32,39,13,2027-09-14,120.03
P0261,Product fyRD,OTC,162.74,246,32,2026-04-28,223.09
P0262,Product Kxtl,Prescription,131.76,288,24,2028-01-14,177.88
P0263,Product WZPF,Prescription,374.53,357,49,2026-12-18,459.41
P0264,Product giaS,Wellness,26.43,124,11,2026-10-20,37.7
P0265,Product ZMZy,OTC,289.25,113,18,2026-11-03,376.2
P0266,Product SKRq,Equipment,383.6,127,13,2026-10-29,432.84
P0267,Product oMXs,Equipment,439.62,14,23,2026-05-20,538.6
P0268,Product npXI,Wellness,177.62,477,18,2026-07-05,261.83
P0269,Product EUuM,Wellness,412.42,369,42,2027-02-24,594.0
P0270,Product XKne,OTC,64.21,257,40,2027-03-29,95.85
P0271,Product bxtQ,Equipment,424.76,373,44,2027-07-17,573.93
P0272,Product kaZx,Equipment,72.47,330,21,2027-10-25,86.89
P0273,Product icQv,Equipment,204.67,130,34,2028-04-08,238.47
P0274,Product QzaB,Prescription,400.67,295,13,2026-11-05,470.69
P0275,Product rCWM,Equipment,83.46,158,37,2026-09-11,92.47
P0276,Product lWiZ,Prescription,122.33,93,29,2025-06-07,153.68
P0277,Product mkrm,OTC,363.9,463,18,2025-10-31,428.15
P0278,Product LJSk,Prescription,362.82,415,15,2026-03-09,458.84
P0279,Product hwbU,OTC,324.16,475,39,2025-07-22,477.81
P0280,Product kBkX,Equipment,350.03,465,45,2027-12-03,445.31
P0281,Product aKWV,Equipment,275.93,240,18,2027-09-27,400.43
P0282,Product saqU,OTC,133.38,297,34,2028-03-08,179.02
P0283,Product OPxK,Wellness,179.39,170,45,2027-03-27,215.06
P0284,Product EsPq,OTC,98.98,281,8,2028-03-08,122.97
P0285,Product BQxQ,Wellness,455.14,469,8,2026-01-01,515.93
P0286,Product Unod,Prescription,295.86,47,32,2026-09-19,364.91
P0287,Product debn,Prescription,206.42,235,12,2027-04-14,283.01
P0288,Product dcYF,Prescription,236.38,151,6,2026-11-26,266.84
P0289,Product XSQb,Equipment,474.17,301,45,2028-05-03,560.55
P0290,Product zsWO,Prescription,85.14,490,26,2026-08-03,106.64
P0291,Product PYNC,Wellness,297.25,160,45,2026-01-12,443.74
P0292,Product SBhb,Prescription,257.89,123,20,2025-10-05,364.64
P0293,Product SZzL,OTC,309.61,246,33,2025-09-06,431.41
P0294,Product eZAH,OTC,18.87,75,34,2028-01-12,21.63
P0295,Product FRUt,Equipment,437.34,370,16,2028-05-03,617.7
P0296,Product mhOy,OTC,466.74,350,39,2026-03-25,660.02
P0297,Product ROrY,Wellness,286.92,267,15,2028-03-06,384.6
P0298,Product ZXYQ,Prescription,351.36,484,25,2027-04-30,525.69
P0299,Product NPjf,Equipment,462.02,258,25,2026-09-27,568.33
P0300,Product TPHS,Prescription,356.55,466,9,2027-05-03,526.45
P0301,Product MZDx,Prescription,84.74,458,24,2027-11-14,124.22
P0302,Product fQRJ,Wellness,292.38,340,41,2026-12-06,322.96
P0303,Product DpBz,OTC,307.29,332,7,2026-03-12,393.35
P0304,Product vHLb,OTC,217.82,189,48,2025-09-20,324.74
P0305,Product KNED,Prescription,370.86,199,37,2025-11-02,423.24
P0306,Product cXqR,Equipment,467.84,416,13,2027-11-22,617.13
P0307,Product PXeb,OTC,463.53,163,13,2025-08-09,691.39
P0308,Product MUSS,Equipment,230.91,205,8,2027-10-31,305.31
P0309,Product MUdD,OTC,65.49,475,39,2026-07-06,77.01
P0310,Product LGza,Equipment,492.57,320,21,2025-12-09,656.53
P0311,Product wQkr,Wellness,421.06,271,38,2027-01-14,497.6
P0312,Product kgRt,Equipment,71.08,428,28,2026-09-01,92.96
P0313,Product PVfI,Wellness,461.21,415,36,2027-03-31,520.99
P0314,Product Ikib,Wellness,436.25,436,5,2026-11-27,585.53
P0315,Product VGsF,Equipment,264.23,152,12,2027-09-02,345.27
P0316,Product KBoK,Wellness,299.72,351,49,2025-10-27,418.43
P0317,Product CbmF,Prescription,205.51,325,27,2025-08-14,277.91
P0318,Product xAyZ,Wellness,36.83,110,44,2027-09-17,48.61
P0319,Product NXUj,OTC,174.25,253,16,2025-08-17,239.75
P0320,Product bczA,Equipment,403.4,499,16,2027-04-27,466.97
P0321,Product heWD,Prescription,12.27,21,19,2026-10-09,16.42
P0322,Product XSrS,Equipment,173.41,248,45,2025-07-04,202.69
P0323,Product KakX,OTC,205.1,58,23,2027-02-16,301.54
P0324,Product DNwl,OTC,273.32,51,30,2026-03-13,308.12
P0325,Product sKIP,OTC,460.73,175,33,2027-03-24,586.12
P0326,Product uXZF,Wellness,179.71,91,26,2025-06-04,247.7
P0327,Product qDcm,Wellness,180.01,438,44,2025-06-22,230.99
P0328,Product mAqJ,Equipment,371.38,300,25,2027-08-02,422.2
P0329,Product ljXh,Equipment,231.59,167,42,2027-09-24,306.01
P0330,Product lAqk,Prescription,120.06,225,24,2025-12-23,162.88
P0331,Product uSnD,Prescription,231.7,499,33,2027-02-06,320.1
P0332,Product EpdN,Equipment,79.02,167,8,2027-12-21,98.72
P0333,Product Ksir,Wellness,96.43,471,11,2027-05-14,127.81
P0334,Product QbRP,OTC,254.2,143,32,2025-06-22,325.45
P0335,Product nYQp,Equipment,215.27,76,32,2028-02-18,294.67
P0336,Product hZRD,Prescription,458.27,345,8,2026-03-05,611.07
P0337,Product iwqV,Wellness,187.57,16,26,2027-10-14,245.77
P0338,Product SpAA,Equipment,294.49,445,16,2026-09-14,353.33
P0339,Product xrOi,Equipment,319.81,23,49,2027-12-16,352.05
P0340,Product BHCH,Wellness,16.42,82,7,2028-01-12,19.21
P0341,Product lkss,Equipment,335.13,408,26,2027-08-13,384.34
P0342,Product cRYs,Wellness,97.24,414,48,2027-06-24,124.43
P0343,Product TRdE,OTC,480.92,172,6,2026-01-24,646.79
P0344,Product ICUe,Wellness,82.84,75,28,2027-06-25,98.18
P0345,Product DbBl,Wellness,213.17,356,38,2028-02-12,314.56
P0346,Product KPQt,Wellness,51.82,139,31,2025-06-29,57.14
P0347,Product ASrS,Equipment,498.47,428,45,2027-06-05,702.3
P0348,Product QxhS,Equipment,256.08,475,5,2027-08-01,345.73
P0349,Product ZybV,Wellness,301.74,215,12,2025-07-23,377.0
P0350,Product KuCa,Equipment,42.87,285,27,2027-10-13,48.02
P0351,Product LVio,Prescription,377.48,475,42,2027-12-10,509.97
P0352,Product txZq,Prescription,112.85,265,10,2026-11-28,141.54
P0353,Product ylZs,Equipment,450.05,275,26,2027-03-22,663.6
P0354,Product HlMB,Equipment,110.52,34,29,2027-03-02,145.53
P0355,Product SBtm,Wellness,103.44,459,22,2028-02-29,152.66
P0356,Product BFMu,OTC,27.91,290,21,2027-09-30,33.16
P0357,Product QIBN,Equipment,241.31,262,16,2028-01-18,335.49
P0358,Product LPrL,Prescription,286.77,319,10,2028-01-20,386.25
P0359,Product PZPs,Wellness,42.2,298,30,2028-03-27,58.9
P0360,Product Bwrq,Equipment,390.01,173,31,2027-02-12,462.5
P0361,Product JULa,Prescription,232.11,104,12,2026-12-18,317.06
P0362,Product QKwX,Prescription,266.95,279,23,2025-09-03,346.83
P0363,Product AEVL,OTC,225.97,330,46,2025-11-11,315.71
P0364,Product GENd,Wellness,206.37,119,5,2028-04-25,254.0
P0365,Product FVNl,Wellness,284.22,345,33,2025-09-30,413.83
P0366,Product XqVW,OTC,86.07,319,49,2026-04-22,97.58
P0367,Product oJUT,OTC,99.14,247,39,2027-06-15,141.06
P0368,Product VveW,Wellness,432.27,390,44,2026-06-22,624.43
P0369,Product AyTB,Wellness,473.6,445,18,2027-05-03,675.78
P0370,Product EmYo,Equipment,192.92,396,39,2027-12-14,251.78
P0371,Product mUAz,Equipment,142.66,492,49,2025-11-14,181.94
P0372,Product JFaI,OTC,325.56,434,24,2026-01-15,487.85
P0373,Product brPS,Equipment,210.28,399,17,2025-11-19,250.58
P0374,Product gXox,Prescription,22.44,34,42,2027-06-21,29.59
P0375,Product DqET,Equipment,86.51,150,12,2025-10-24,118.37
P0376,Product swCp,Equipment,360.83,126,47,2026-02-09,498.07
P0377,Product aNmz,Prescription,332.87,491,24,2025-07-14,393.32
P0378,Product tizV,OTC,23.28,401,37,2027-11-16,31.7
P0379,Product ZLvp,Prescription,118.77,414,30,2027-04-25,169.53
P0380,Product wmqE,Equipment,123.23,491,43,2027-11-02,138.02
P0381,Product DNYs,OTC,339.23,461,25,2026-10-13,496.84
P0382,Product DEuT,Equipment,19.66,34,46,2026-02-25,21.86
P0383,Product NANl,Prescription,61.01,88,47,2027-08-25,75.8
P0384,Product OrXu,Prescription,401.96,77,45,2026-03-21,444.7
P0385,Product wPsM,Equipment,97.49,182,13,2025-10-06,110.25
P0386,Product SBUR,Wellness,329.85,453,28,2027-07-29,483.05
P0387,Product jgTo,Wellness,126.71,21,41,2028-04-02,157.37
P0388,Product vuxX,Prescription,58.73,297,45,2026-01-22,74.58
P0389,Product kDJO,Prescription,129.15,137,21,2027-08-09,153.19
P0390,Product fUYu,Wellness,363.91,105,28,2028-01-27,487.22
P0391,Product jabP,Wellness,429.29,101,25,2025-05-31,574.36
P0392,Product MZJN,Equipment,416.81,150,43,2026-05-17,520.55
P0393,Product mcSs,Equipment,204.62,40,45,2025-06-12,252.34
P0394,Product zsBG,Wellness,337.36,343,43,2026-06-28,490.52
P0395,Product gLVJ,Equipment,110.44,29,17,2026-07-05,138.42
P0396,Product PDVn,Equipment,153.64,155,15,2028-05-05,199.33
P0397,Product tREi,OTC,449.2,486,23,2025-09-16,545.02
P0398,Product MpoZ,Equipment,16.37,325,15,2027-05-27,23.16
P0399,Product jWHZ,Prescription,51.9,456,17,2026-11-17,65.34
P0400,Product TFQh,Equipment,111.86,399,49,2027-04-22,146.03
P0401,Product NAHp,Equipment,23.0,169,5,2026-08-22,27.63
P0402,Product MLYb,Wellness,98.9,358,44,2027-07-24,147.86
P0403,Product quXC,Prescription,295.69,52,48,2027-08-27,359.74
P0404,Product ybCC,Equipment,216.5,263,23,2028-04-23,304.9
P0405,Product TFSF,Equipment,447.41,139,16,2026-01-04,568.66
P0406,Product KsWf,OTC,410.55,69,12,2026-03-25,485.47
P0407,Product PndQ,Equipment,177.49,160,12,2026-01-02,252.02
P0408,Product KyvW,Equipment,137.12,476,49,2027-05-25,169.13
P0409,Product KgcG,OTC,196.05,296,16,2028-03-31,283.5
P0410,Product jnqU,Wellness,299.24,14,37,2025-12-13,438.72
P0411,Product xkNQ,Equipment,141.35,476,49,2027-07-11,204.1
P0412,Product VppM,OTC,315.83,427,30,2026-03-02,351.84
P0413,Product fnnR,Prescription,210.61,275,43,2025-10-27,298.0
P0414,Product yeOD,Wellness,280.5,354,32,2027-04-13,354.7
P0415,Product WxQD,Prescription,223.7,139,9,2027-12-03,324.25
P0416,Product mZFQ,Prescription,154.29,391,12,2026-11-04,209.09
P0417,Product YUgL,OTC,474.74,276,29,2027-01-12,680.52
P0418,Product TaRe,Equipment,384.17,187,31,2026-01-02,499.33
P0419,Product DREH,OTC,78.66,262,27,2028-04-27,103.36
P0420,Product pKLP,OTC,435.55,424,34,2026-06-30,504.26
P0421,Product OOIH,OTC,248.84,65,49,2025-08-12,351.76
P0422,Product jAjz,OTC,448.33,472,27,2025-06-25,568.37
P0423,Product gbRz,Wellness,401.93,466,24,2027-05-04,522.52
P0424,Product giSb,Equipment,218.35,480,22,2026-03-09,308.76
P0425,Product IKrh,Prescription,21.01,92,22,2027-07-14,28.14
P0426,Product DSOU,Prescription,141.65,402,6,2025-07-26,167.21
P0427,Product pYxE,Equipment,275.4,108,8,2027-12-31,367.96
P0428,Product fazI,Prescription,320.4,158,34,2025-12-29,404.68
P0429,Product Agln,Equipment,136.36,338,37,2027-10-01,175.61
P0430,Product qdhD,Prescription,78.28,165,40,2027-01-25,86.99
P0431,Product sAgh,OTC,419.12,199,22,2027-02-28,496.24
P0432,Product oxYv,Prescription,492.36,380,41,2026-07-27,596.94
P0433,Product HaGA,Equipment,267.59,272,23,2027-07-29,370.66
P0434,Product RvRk,Equipment,94.12,89,32,2027-09-06,103.96
P0435,Product vAAG,Equipment,143.43,409,44,2027-11-08,181.23
P0436,Product ChLx,Equipment,19.01,261,24,2026-11-07,27.94
P0437,Product qdic,Equipment,458.01,106,37,2026-06-13,524.31
P0438,Product HFuy,Wellness,67.7,269,16,2026-05-24,88.45
P0439,Product LqNY,Wellness,292.49,269,19,2027-02-19,413.76
P0440,Product lCnT,Prescription,144.29,112,45,2026-04-24,213.12
P0441,Product lhRN,Equipment,281.55,49,43,2026-02-16,393.81
P0442,Product RUoq,Prescription,329.2,282,6,2027-05-15,457.0
P0443,Product skRT,Equipment,416.57,110,33,2025-09-09,595.94
P0444,Product lKrT,Equipment,111.15,368,45,2027-08-30,142.1
P0445,Product Vetw,Wellness,15.39,389,14,2026-06-11,21.89
P0446,Product eFUw,Wellness,77.07,317,6,2025-09-11,85.02
P0447,Product Cjvc,OTC,451.01,230,15,2027-08-20,662.91
P0448,Product NmSP,Wellness,438.21,317,17,2025-09-02,559.74
P0449,Product WeQZ,OTC,302.73,429,14,2025-12-25,400.01
P0450,Product FZim,OTC,304.25,133,18,2026-11-05,365.69
P0451,Product TufQ,OTC,335.87,431,22,2028-02-07,469.21
P0452,Product UGnX,OTC,95.93,240,13,2026-09-18,108.46
P0453,Product NHUp,OTC,458.06,187,43,2027-12-03,663.75
P0454,Product uUZv,Prescription,215.2,72,32,2026-04-02,308.0
P0455,Product lnyi,Wellness,197.74,494,7,2026-02-22,234.6
P0456,Product MBKQ,OTC,264.27,125,24,2025-06-03,376.25
P0457,Product ffxw,Equipment,33.01,200,10,2026-04-27,46.69
P0458,Product PeiU,Wellness,91.48,71,31,2026-08-30,123.76
P0459,Product AQot,Wellness,371.64,265,6,2027-10-08,464.33
P0460,Product srVl,OTC,50.57,492,33,2026-10-29,61.12
P0461,Product WiyX,Prescription,305.54,16,42,2027-11-18,364.42
P0462,Product uFSJ,OTC,130.22,164,7,2026-01-12,159.84
P0463,Product ONVL,Prescription,200.75,101,20,2025-11-17,293.38
P0464,Product beZV,Equipment,151.46,479,34,2026-07-22,171.31
P0465,Product nLxb,Wellness,184.28,23,44,2027-11-04,263.81
P0466,Product uMrt,Equipment,362.33,464,6,2027-10-31,449.13
P0467,Product Lcjr,Prescription,155.59,238,21,2027-06-18,203.61
P0468,Product Nciq,Prescription,287.54,95,45,2025-11-08,407.67
P0469,Product eIzs,Equipment,243.26,142,16,2026-02-13,353.64
P0470,Product boTw,Prescription,335.2,192,39,2028-04-08,414.95
P0471,Product tzOB,Equipment,469.05,395,47,2025-12-18,602.61
P0472,Product GqEk,Wellness,368.96,71,5,2026-04-19,467.03
P0473,Product xXmn,Equipment,115.32,228,49,2025-12-16,127.46
P0474,Product yvlM,Wellness,25.28,414,19,2026-03-03,30.8
P0475,Product PyDP,Equipment,138.51,255,30,2025-08-30,177.8
P0476,Product FTjt,Prescription,301.59,239,41,2028-01-30,381.34
P0477,Product qHvb,Equipment,35.2,88,25,2027-05-11,48.88
P0478,Product eFIm,Prescription,253.22,158,35,2025-09-05,317.52
P0479,Product nahs,Equipment,302.45,147,29,2026-09-25,391.9
P0480,Product xKAC,Equipment,173.78,480,27,2027-05-02,221.02
P0481,Product hzVs,OTC,387.75,323,28,2026-06-26,541.4
P0482,Product Ghrb,Prescription,62.23,385,42,2027-02-06,89.93
P0483,Product oqhk,OTC,46.82,432,32,2025-10-31,61.46
P0484,Product vZAI,Prescription,366.81,398,25,2027-08-27,519.32
P0485,Product tKut,OTC,252.79,74,47,2027-06-09,308.08
P0486,Product NBJt,Wellness,347.32,22,22,2027-05-02,457.26
P0487,Product HhKg,Equipment,223.07,222,40,2026-12-28,276.18
P0488,Product vZMs,Prescription,130.74,483,39,2026-03-18,165.48
P0489,Product TqKQ,Prescription,411.36,251,49,2028-03-03,573.01
P0490,Product pCGU,Equipment,401.71,222,13,2026-07-23,583.55
P0491,Product QxjI,Prescription,350.4,190,42,2026-01-28,402.47
P0492,Product iIHM,Prescription,143.35,347,34,2026-07-23,194.08
P0493,Product dHia,OTC,299.21,494,48,2026-09-16,398.8
P0494,Product yETd,Prescription,186.88,182,38,2028-03-16,214.42
P0495,Product pAGO,Wellness,54.88,169,36,2025-11-24,65.02
P0496,Product GmgD,Wellness,459.48,173,7,2026-08-30,562.59
P0497,Product MDlc,Equipment,77.04,474,7,2026-08-29,89.89
P0498,Product cTNZ,Prescription,475.62,492,32,2025-10-05,569.55
P0499,Product NGlu,Equipment,228.54,197,48,2028-01-11,275.86
P0500,Product bYQu,Wellness,100.72,404,19,2028-01-05,124.32
P0501,Product QFCF,Prescription,275.53,200,45,2027-06-08,385.67
P0502,Product KlHj,Prescription,437.74,414,27,2027-06-01,581.65
P0503,Product GZBv,Equipment,368.79,317,44,2026-06-05,551.16
P0504,Product QqLo,Wellness,405.21,265,15,2027-03-06,512.95
P0505,Product nUeq,Prescription,332.8,192,36,2027-07-22,466.43
P0506,Product OohA,Equipment,349.22,126,40,2025-07-12,505.88
P0507,Product tksW,Wellness,426.11,291,37,2027-11-22,584.45
P0508,Product grQS,Equipment,132.34,205,28,2027-03-25,167.38
P0509,Product dZNm,OTC,249.82,43,43,2028-03-11,350.11
P0510,Product aTGq,Prescription,118.39,61,38,2025-12-25,139.87
P0511,Product aPBo,OTC,493.96,121,32,2026-07-26,608.08
P0512,Product ybZh,Wellness,472.59,261,41,2027-05-07,623.19
P0513,Product WemH,OTC,29.32,91,11,2027-11-03,39.0
P0514,Product nPmf,OTC,355.73,241,8,2026-09-03,394.45
P0515,Product HpBA,Wellness,463.37,236,41,2027-07-04,684.88
P0516,Product eTXS,Equipment,98.48,242,5,2027-06-07,135.77
P0517,Product nyyD,OTC,288.29,230,5,2026-12-26,374.28
P0518,Product BBOd,Equipment,458.59,445,24,2026-10-14,675.62
P0519,Product JYxW,OTC,26.63,422,23,2026-03-31,33.97
P0520,Product YfVC,Equipment,351.74,431,33,2028-02-11,524.86
P0521,Product Bqsa,Wellness,155.7,51,14,2025-06-09,203.18
P0522,Product XLiP,OTC,462.95,30,22,2025-05-09,530.41
P0523,Product XcsX,Wellness,485.82,51,32,2025-09-10,683.02
P0524,Product CwSI,OTC,472.69,406,39,2026-12-09,648.32
P0525,Product UTWl,Wellness,242.36,122,47,2025-06-02,341.53
P0526,Product TICV,Wellness,432.4,114,35,2026-04-21,640.2
P0527,Product NKfm,OTC,423.83,201,31,2026-02-22,597.85
P0528,Product SCmE,OTC,166.36,26,15,2027-01-07,223.68
P0529,Product Uahi,OTC,416.17,129,42,2026-07-25,600.5
P0530,Product JNik,Prescription,28.13,402,9,2027-12-28,38.52
P0531,Product xGOA,Equipment,302.17,434,12,2027-12-15,381.72
P0532,Product Xmlp,Prescription,122.7,138,38,2027-05-25,178.44
P0533,Product dAbi,Prescription,69.08,139,16,2027-03-20,82.12
P0534,Product zoMp,Wellness,47.71,69,42,2026-08-18,66.12
P0535,Product jJeF,OTC,351.18,57,5,2027-05-03,510.13
P0536,Product tdaW,Equipment,176.54,38,35,2025-07-27,245.84
P0537,Product Tafx,Wellness,365.14,106,8,2028-04-07,503.5
P0538,Product Dauq,Prescription,42.02,19,49,2027-03-27,58.87
P0539,Product hHbM,OTC,164.49,251,9,2027-06-23,211.54
P0540,Product WXBq,Wellness,274.35,323,34,2026-06-16,397.72
P0541,Product Xwos,OTC,397.45,453,28,2027-01-14,469.54
P0542,Product CCKQ,Wellness,166.19,241,7,2026-01-14,191.28
P0543,Product OFGz,OTC,316.69,286,15,2028-04-25,384.53
P0544,Product PsYB,Prescription,444.13,293,49,2027-01-25,582.98
P0545,Product AJKb,Equipment,311.77,212,8,2025-08-26,406.62
P0546,Product fkIy,Prescription,124.15,256,30,2025-11-18,177.32
P0547,Product PCPF,Equipment,21.96,299,31,2027-04-02,27.71
P0548,Product hCDN,OTC,436.35,273,47,2028-04-13,564.52
P0549,Product CGzA,Wellness,20.42,452,31,2026-04-24,22.57
P0550,Product zwuP,Prescription,438.6,223,46,2027-02-20,554.34
P0551,Product jApv,Equipment,269.18,209,10,2028-01-10,365.85
P0552,Product HHmA,Prescription,470.14,442,19,2027-10-17,520.07
P0553,Product MDkV,Equipment,401.4,88,34,2027-07-29,486.64
P0554,Product qrvE,Prescription,498.99,410,46,2027-07-17,590.4
P0555,Product gtKi,Equipment,181.85,453,41,2027-07-05,203.09
P0556,Product hqiY,Equipment,385.92,352,41,2027-10-21,498.49
P0557,Product IjnP,OTC,206.95,353,46,2025-06-07,242.69
P0558,Product UEgZ,Equipment,245.14,182,41,2026-07-31,342.52
P0559,Product wgfM,OTC,317.48,476,39,2027-03-04,456.91
P0560,Product RINh,Equipment,438.1,78,27,2026-06-13,577.52
P0561,Product OzwW,Wellness,492.2,425,10,2026-03-02,734.7
P0562,Product Zeft,Wellness,386.45,437,8,2027-06-10,494.73
P0563,Product BPqJ,Wellness,214.71,458,22,2027-05-31,280.27
P0564,Product UBSC,Equipment,216.46,96,13,2026-01-30,323.76
P0565,Product nnyx,OTC,371.42,110,33,2026-10-08,442.96
P0566,Product hmqa,OTC,127.0,17,17,2028-02-05,187.58
P0567,Product yOnk,Equipment,64.13,342,21,2026-02-10,71.64
P0568,Product voMr,Wellness,183.76,209,49,2028-03-07,234.95
P0569,Product SZXZ,Wellness,150.75,96,36,2025-09-01,170.05
P0570,Product ToSS,OTC,155.19,52,26,2028-04-26,215.98
P0571,Product Tsqa,Wellness,124.47,394,8,2025-05-27,167.21
P0572,Product OVMh,Prescription,30.63,118,9,2025-10-18,42.35
P0573,Product rYmL,OTC,18.76,444,41,2026-03-12,23.45
P0574,Product VPMv,Wellness,493.98,417,45,2028-01-09,616.38
P0575,Product vuGx,OTC,219.61,492,17,2026-08-17,245.55
P0576,Product cqtB,Prescription,198.32,161,38,2027-03-09,245.91
P0577,Product kBoi,OTC,343.03,26,49,2025-09-09,504.84
P0578,Product efpx,OTC,116.94,142,26,2026-12-31,146.37
P0579,Product figP,OTC,475.48,157,27,2025-08-13,681.15
P0580,Product KMNG,OTC,395.31,286,7,2028-01-14,568.03
P0581,Product QNYN,Prescription,53.81,241,46,2026-11-03,67.22
P0582,Product NwXx,Equipment,214.61,323,38,2025-11-28,290.32
P0583,Product aJRh,OTC,440.77,424,36,2026-10-21,501.66
P0584,Product ulOn,OTC,472.92,375,49,2026-07-29,539.82
P0585,Product WUQr,Wellness,239.03,237,25,2025-06-24,267.59
P0586,Product iVLS,OTC,310.57,148,48,2027-04-26,413.81
P0587,Product yEYg,Wellness,91.85,445,25,2026-01-01,116.69
P0588,Product AxVB,Equipment,495.67,408,48,2027-03-31,653.89
P0589,Product BQDE,Prescription,123.52,220,15,2025-06-12,161.62
P0590,Product Jgad,Prescription,471.94,400,43,2027-04-05,585.24
P0591,Product sUFy,Equipment,328.33,37,8,2027-12-19,450.14
P0592,Product FTDK,Prescription,307.79,60,5,2025-09-25,431.95
P0593,Product sqXI,Equipment,261.22,451,32,2027-07-01,288.87
P0594,Product wrJp,Equipment,123.03,270,28,2028-05-05,145.53
P0595,Product jPBO,Equipment,96.5,270,39,2026-12-28,133.68
P0596,Product hXJr,Prescription,118.04,359,17,2028-01-31,148.1
P0597,Product WRvB,Wellness,101.35,361,38,2025-10-22,138.34
P0598,Product OBXb,Equipment,392.0,17,15,2027-04-13,485.6
P0599,Product RUNG,OTC,181.56,329,40,2025-11-06,228.09
P0600,Product lmnr,Prescription,38.34,147,21,2027-06-14,44.61
P0601,Product iToT,Equipment,484.86,47,39,2025-07-17,583.43
P0602,Product ehnV,Equipment,443.06,120,22,2026-05-06,594.66
P0603,Product zQQt,OTC,464.6,489,44,2027-03-22,591.56
P0604,Product jKyu,Wellness,497.5,377,26,2028-03-12,701.34
P0605,Product GLjw,Wellness,95.21,229,28,2028-01-27,137.2
P0606,Product LTWY,Wellness,204.16,346,23,2028-01-17,268.81
P0607,Product dwTs,Equipment,381.54,232,41,2027-04-18,535.42
P0608,Product GhwP,Equipment,351.05,145,43,2027-04-01,429.25
P0609,Product TSae,Equipment,85.41,265,25,2028-02-07,108.13
P0610,Product OOEB,Prescription,409.76,369,12,2027-06-19,567.56
P0611,Product PivB,OTC,119.98,418,32,2028-03-23,150.51
P0612,Product efbK,Equipment,119.67,338,9,2026-08-31,159.81
P0613,Product eWfW,OTC,273.12,459,21,2026-04-14,320.68
P0614,Product QvaS,OTC,300.54,472,41,2027-11-20,402.7
P0615,Product pOQv,Wellness,294.24,443,40,2026-08-18,425.06
P0616,Product Tlye,Prescription,54.83,460,23,2025-11-03,79.36
P0617,Product dMKh,Equipment,439.96,58,31,2025-08-18,611.43
P0618,Product sdbQ,Wellness,140.14,301,38,2026-04-19,195.96
P0619,Product dmZg,Wellness,73.46,391,15,2026-09-03,97.2
P0620,Product wpST,Equipment,445.49,333,49,2025-06-30,594.22
P0621,Product BKXx,OTC,478.27,87,16,2026-06-03,551.67
P0622,Product RVfH,Wellness,432.44,114,25,2025-08-10,552.46
P0623,Product gudJ,OTC,406.66,178,15,2026-10-05,520.65
P0624,Product BZUn,Prescription,331.07,226,43,2025-10-18,491.11
P0625,Product MbnD,OTC,279.92,387,32,2026-03-25,356.18
P0626,Product SBKs,Prescription,52.62,128,9,2027-09-01,69.44
P0627,Product fRqZ,OTC,210.14,199,21,2027-09-04,275.98
P0628,Product PfkT,Wellness,192.62,264,24,2026-11-29,260.94
P0629,Product gBjx,Wellness,137.28,379,45,2026-11-07,192.09
P0630,Product Ojpq,Prescription,364.48,275,16,2026-08-28,433.74
P0631,Product vgIt,Equipment,252.98,158,10,2027-10-11,331.78
P0632,Product kraf,Prescription,49.71,173,21,2027-04-01,71.1
P0633,Product lQaS,Prescription,117.89,149,23,2028-01-28,151.52
P0634,Product sSkr,OTC,344.8,356,30,2028-03-23,417.68
P0635,Product vqVC,OTC,47.3,497,48,2028-02-21,64.42
P0636,Product bnYW,Prescription,427.09,267,48,2026-07-23,610.53
P0637,Product wTQi,Wellness,252.62,383,36,2028-01-26,284.26
P0638,Product EBMw,OTC,245.49,278,10,2028-04-24,346.32
P0639,Product mQwU,Equipment,300.28,190,40,2028-01-06,429.0
P0640,Product KQrE,OTC,414.09,169,42,2026-07-10,531.94
P0641,Product hJzZ,OTC,180.43,360,15,2026-09-23,269.44
P0642,Product sZSp,Equipment,342.23,409,37,2027-07-03,484.15
P0643,Product KdRh,Prescription,287.21,297,28,2027-01-29,404.81
P0644,Product kuon,Equipment,140.84,297,27,2027-07-01,197.05
P0645,Product uSKW,Prescription,440.53,389,19,2027-06-15,511.12
P0646,Product WJCM,Prescription,400.74,235,31,2026-07-14,475.64
P0647,Product xhsc,Prescription,332.64,20,15,2026-04-18,427.64
P0648,Product wlEp,Equipment,426.79,19,21,2027-09-04,514.54
P0649,Product oxNi,Prescription,434.97,280,18,2027-06-18,550.71
P0650,Product AKKR,Wellness,357.1,282,31,2027-07-14,519.72
P0651,Product yQCh,Equipment,420.14,433,22,2027-03-01,600.69
P0652,Product LdoX,Wellness,351.76,411,32,2026-06-25,475.59
P0653,Product jCww,Prescription,343.27,192,8,2026-06-30,495.42
P0654,Product PowH,OTC,313.12,466,11,2027-08-01,442.6
P0655,Product fPva,Prescription,378.83,162,49,2027-10-02,481.72
P0656,Product LCMi,Wellness,87.72,497,39,2027-09-13,103.55
P0657,Product fVzZ,Wellness,441.63,324,13,2027-04-28,576.63
P0658,Product PKPg,Equipment,437.2,343,12,2027-12-02,609.67
P0659,Product qRqd,OTC,24.33,133,49,2026-06-04,31.01
P0660,Product leEJ,Equipment,414.65,482,21,2025-08-29,566.71
P0661,Product aeEw,Wellness,73.15,123,21,2025-05-25,83.23
P0662,Product RvtM,Prescription,174.21,287,37,2026-08-12,243.75
P0663,Product usEA,OTC,374.32,423,36,2028-02-28,533.44
P0664,Product pRNu,Prescription,88.77,477,12,2026-08-28,122.75
P0665,Product DsaS,Prescription,410.8,222,23,2028-04-25,610.82
P0666,Product XPmO,OTC,417.75,181,42,2027-11-29,597.66
P0667,Product wCUs,Equipment,258.66,297,7,2027-06-08,377.96
P0668,Product jUtA,Prescription,13.13,444,9,2025-05-23,19.35
P0669,Product YeKj,Wellness,150.65,183,17,2026-10-16,214.0
P0670,Product ENnx,Prescription,312.29,122,35,2025-06-20,427.74
P0671,Product pfPO,OTC,490.78,385,20,2026-12-12,540.98
P0672,Product EGmI,OTC,319.59,414,36,2027-02-16,411.1
P0673,Product mBgv,OTC,137.3,492,26,2027-08-27,182.4
P0674,Product reIW,Equipment,320.66,131,33,2025-10-01,391.72
P0675,Product FadF,Prescription,274.59,41,26,2026-10-15,336.99
P0676,Product EZbo,Equipment,392.12,231,47,2026-03-26,582.09
P0677,Product yMOo,Equipment,62.42,128,7,2027-12-11,90.93
P0678,Product NBAj,OTC,382.9,48,14,2027-09-14,551.25
P0679,Product RhBm,OTC,275.22,277,46,2026-07-12,347.44
P0680,Product AeJy,Equipment,481.87,242,25,2025-07-29,532.7
P0681,Product mTKH,Prescription,177.52,440,20,2025-09-30,200.97
P0682,Product MlSV,Wellness,319.98,27,16,2027-02-03,391.94
P0683,Product zInz,Equipment,466.69,158,6,2027-08-20,516.3
P0684,Product iaiU,Prescription,60.23,406,45,2027-03-15,66.67
P0685,Product MYot,OTC,469.24,158,28,2026-01-28,688.21
P0686,Product KzJY,OTC,347.06,135,39,2026-01-10,479.8
P0687,Product kcEq,Prescription,43.24,401,34,2027-03-21,52.91
P0688,Product JNcI,Wellness,157.47,311,34,2027-10-28,181.57
P0689,Product WZBK,OTC,357.0,369,39,2027-02-02,465.76
P0690,Product PxSB,OTC,43.0,247,23,2025-10-25,47.39
P0691,Product bfIa,OTC,295.26,144,12,2027-12-01,435.62
P0692,Product Opee,Prescription,179.48,160,30,2027-02-08,227.21
P0693,Product Zufl,Equipment,314.25,245,44,2026-09-11,396.25
P0694,Product OSMM,OTC,32.41,233,11,2025-07-10,40.71
P0695,Product Zvhn,Equipment,437.05,212,34,2025-07-02,492.87
P0696,Product LVSi,Wellness,487.01,265,11,2026-04-18,660.06
P0697,Product FOdI,OTC,484.75,95,7,2026-03-14,675.35
P0698,Product ISlF,OTC,377.33,159,5,2026-10-14,517.11
P0699,Product BCBd,Wellness,73.74,244,40,2027-12-24,85.2
P0700,Product nBcf,OTC,381.55,354,29,2028-03-04,508.05
P0701,Product WCOW,Equipment,22.05,31,41,2025-06-23,29.28
P0702,Product OPEb,Prescription,20.84,357,5,2027-10-03,30.16
P0703,Product UxbP,Equipment,168.57,294,19,2025-07-21,210.99
P0704,Product GCmH,Prescription,249.44,278,41,2026-02-20,311.45
P0705,Product qWcX,Prescription,387.5,475,17,2027-11-18,522.12
P0706,Product PUkd,Equipment,344.81,267,44,2026-06-12,466.61
P0707,Product pVPL,Equipment,228.49,38,12,2026-08-02,294.23
P0708,Product xmoC,Equipment,144.08,222,9,2027-05-21,184.02
P0709,Product FSHd,Equipment,498.59,472,13,2025-06-26,647.0
P0710,Product NOfB,Wellness,218.83,445,5,2028-01-31,316.08
P0711,Product MVOd,OTC,231.18,292,40,2025-06-30,296.94
P0712,Product boEX,Prescription,90.18,59,39,2027-12-25,133.1
P0713,Product MQJJ,Equipment,399.46,104,6,2026-09-30,519.94
P0714,Product BYBp,Equipment,349.9,472,44,2026-04-25,517.74
P0715,Product LHrN,Equipment,118.18,416,27,2025-10-22,169.37
P0716,Product zHSV,Wellness,50.37,97,13,2028-03-28,62.71
P0717,Product wyqX,Equipment,343.44,53,38,2026-01-18,496.43
P0718,Product HhOP,Equipment,330.71,470,18,2025-10-03,378.34
P0719,Product bKPt,Equipment,143.9,287,8,2025-10-02,211.54
P0720,Product fait,OTC,475.92,180,34,2027-03-28,643.76
P0721,Product BSvU,Wellness,84.02,430,35,2027-07-11,94.25
P0722,Product Dcyq,Equipment,221.84,198,42,2028-03-17,301.19
P0723,Product yTWo,Prescription,472.37,362,15,2027-12-12,703.69
P0724,Product IFLB,Prescription,215.67,193,39,2027-07-15,243.26
P0725,Product aEhc,Prescription,322.88,12,12,2026-06-12,426.81
P0726,Product HnOd,Wellness,204.82,200,7,2025-09-06,286.57
P0727,Product GCkR,Wellness,144.37,127,18,2025-09-14,205.6
P0728,Product IvLH,Prescription,492.15,28,17,2027-01-01,622.83
P0729,Product mZNF,Equipment,210.57,32,49,2027-06-08,248.82
P0730,Product TFMx,Wellness,448.11,422,36,2025-09-07,500.51
P0731,Product EURT,Prescription,122.68,39,38,2025-11-06,163.4
P0732,Product PPzv,Prescription,114.42,304,49,2027-07-15,146.59
P0733,Product qkPP,Equipment,25.26,117,23,2027-10-02,37.37
P0734,Product iGZz,OTC,329.32,376,42,2025-08-31,370.24
P0735,Product juot,Wellness,190.58,290,20,2026-12-31,261.89
P0736,Product wMJV,Equipment,433.54,137,6,2025-11-19,481.22
P0737,Product AfyG,Prescription,241.87,238,44,2028-03-20,282.64
P0738,Product iLyz,Prescription,484.41,120,21,2025-07-11,620.74
P0739,Product VQTy,Equipment,100.91,145,38,2028-02-17,129.36
P0740,Product lzup,Wellness,435.63,371,46,2025-09-15,598.68
P0741,Product RPuk,OTC,390.53,195,20,2027-10-07,571.77
P0742,Product WYAs,OTC,387.75,153,42,2026-09-14,525.64
P0743,Product bSMK,Prescription,423.94,81,6,2026-04-13,628.03
P0744,Product saEA,Wellness,382.9,138,6,2026-07-01,556.22
P0745,Product vgOp,OTC,316.85,373,30,2026-06-23,422.61
P0746,Product DHBU,Wellness,74.31,270,17,2028-02-14,106.52
P0747,Product FNmx,Wellness,25.94,12,35,2028-01-22,35.2
P0748,Product kZPI,Prescription,461.22,458,38,2027-12-21,521.83
P0749,Product tFoV,OTC,312.16,397,43,2027-09-24,435.85
P0750,Product EbRZ,Equipment,400.3,113,7,2026-06-01,455.53
P0751,Product eIwy,Prescription,245.95,492,12,2026-08-31,328.99
P0752,Product SKKz,OTC,67.48,233,27,2028-03-11,93.19
P0753,Product WYJC,OTC,71.34,329,18,2026-08-24,80.37
P0754,Product iwtB,OTC,345.93,371,31,2026-07-23,412.46
P0755,Product RBZK,OTC,220.85,363,33,2025-08-19,323.83
P0756,Product xAjD,OTC,108.26,482,43,2026-01-25,145.77
P0757,Product xpoZ,Wellness,250.88,19,43,2026-11-07,300.68
P0758,Product tJBy,Prescription,41.46,414,5,2027-06-02,57.06
P0759,Product OYAH,Wellness,295.17,393,21,2025-06-24,395.15
P0760,Product dRaQ,Equipment,141.81,311,45,2025-09-03,184.44
P0761,Product YdXa,OTC,400.8,240,34,2025-06-13,597.38
P0762,Product xUjn,Prescription,162.08,228,17,2026-09-17,222.6
P0763,Product leZp,OTC,233.06,420,25,2028-04-30,291.37
P0764,Product dKBN,Prescription,15.69,75,23,2026-05-08,22.28
P0765,Product mAHQ,Wellness,45.5,434,23,2026-11-25,66.15
P0766,Product MUTR,Prescription,202.32,121,29,2026-06-26,232.69
P0767,Product feQb,Equipment,245.17,22,26,2025-09-28,289.35
P0768,Product ctLp,Equipment,304.01,402,35,2028-03-07,360.71
P0769,Product smla,Prescription,152.91,429,21,2028-03-14,210.48
P0770,Product KaHs,Prescription,350.54,95,27,2026-06-22,470.15
P0771,Product NZFw,Prescription,431.46,243,36,2027-11-05,581.43
P0772,Product Vsan,Prescription,392.13,99,14,2026-01-06,578.91
P0773,Product dxzm,Equipment,29.41,323,14,2027-10-19,41.48
P0774,Product Lmbp,OTC,245.45,63,40,2025-12-18,282.56
P0775,Product YEGl,Prescription,61.42,21,12,2025-06-27,76.1
P0776,Product fDaY,Prescription,128.6,218,24,2026-06-23,163.86
P0777,Product HjWx,Equipment,493.46,471,36,2027-11-23,620.96
P0778,Product vpKi,Equipment,79.82,23,18,2028-05-02,109.17
P0779,Product NWfI,Wellness,254.46,130,32,2027-03-09,370.69
P0780,Product Jtyl,Prescription,312.9,427,28,2027-01-30,382.5
P0781,Product tQZa,Wellness,354.21,446,19,2026-01-11,467.82
P0782,Product ZdKj,Equipment,284.23,386,26,2027-11-20,402.4
P0783,Product YCEd,Equipment,14.79,29,34,2025-06-16,18.73
P0784,Product dMvI,OTC,169.97,84,8,2026-02-13,198.4
P0785,Product WXxE,Prescription,263.68,409,17,2027-02-27,340.14
P0786,Product GUUh,Wellness,53.05,252,27,2026-12-26,59.53
P0787,Product GUNZ,Equipment,181.81,232,12,2025-10-01,268.52
P0788,Product GOfp,Equipment,26.27,79,22,2028-02-05,29.68
P0789,Product CxMo,Wellness,48.5,321,16,2026-05-13,61.86
P0790,Product RZDs,OTC,204.49,220,35,2026-06-22,268.28
P0791,Product aXpC,Equipment,75.03,110,18,2027-04-02,112.1
P0792,Product CyFP,Prescription,288.1,195,38,2027-05-19,336.04
P0793,Product LPMC,Equipment,347.84,141,22,2027-07-11,398.55
P0794,Product sOdo,Prescription,402.29,120,38,2027-08-20,443.92
P0795,Product LhpZ,Wellness,108.07,390,15,2027-11-01,125.6
P0796,Product rLLp,Prescription,92.07,141,45,2026-02-01,108.91
P0797,Product HwdJ,Wellness,61.24,29,16,2026-01-03,82.81
P0798,Product aoHb,Prescription,321.85,403,19,2025-09-20,382.32
P0799,Product yGlh,Wellness,356.17,33,35,2025-08-14,394.71
P0800,Product WWGl,Prescription,25.48,236,33,2028-05-06,36.45
P0801,Product qahj,OTC,468.74,163,30,2025-12-02,584.16
P0802,Product mdFB,Prescription,35.47,302,22,2026-06-27,44.04
P0803,Product pgDa,Prescription,275.24,239,36,2025-10-20,336.07
P0804,Product sBUy,OTC,357.44,478,26,2027-06-19,532.64
P0805,Product jMJW,Equipment,436.77,319,42,2026-08-11,510.17
P0806,Product Alow,Equipment,359.9,497,21,2028-03-07,525.2
P0807,Product bXPL,Prescription,402.85,368,27,2027-11-10,568.31
P0808,Product Blkw,OTC,176.33,414,28,2026-07-07,199.36
P0809,Product KdTk,Prescription,409.26,211,12,2025-10-13,611.72
P0810,Product AjZo,Wellness,49.26,47,45,2028-04-24,59.53
P0811,Product oKgt,Wellness,448.46,439,10,2027-04-06,510.99
P0812,Product izNL,Prescription,278.32,269,9,2027-01-14,398.48
P0813,Product zlpu,Equipment,410.48,197,48,2025-10-07,567.56
P0814,Product DYyt,Equipment,231.64,66,33,2025-05-13,311.99
P0815,Product narM,Prescription,325.35,438,32,2028-04-11,378.18
P0816,Product hpxJ,Prescription,267.94,29,15,2026-05-20,346.02
P0817,Product XYeV,Wellness,368.48,282,5,2026-05-10,520.38
P0818,Product mLNr,Equipment,50.0,128,47,2026-11-08,61.07
P0819,Product eIuX,Prescription,39.57,80,23,2027-02-19,48.46
P0820,Product BYVm,Wellness,131.08,13,13,2025-08-04,144.35
P0821,Product scNS,Equipment,88.18,230,31,2026-12-29,103.14
P0822,Product Pdxq,OTC,437.17,23,38,2026-10-23,633.97
P0823,Product aOUx,Wellness,117.41,12,48,2026-09-20,149.9
P0824,Product CZKd,Equipment,488.17,225,8,2026-12-08,729.18
P0825,Product JaGL,Equipment,175.08,238,40,2027-08-08,220.3
P0826,Product rxGF,Wellness,99.24,345,22,2026-04-10,137.55
P0827,Product bNZA,OTC,396.95,195,19,2027-03-24,481.41
P0828,Product DmtF,Wellness,332.77,64,17,2026-02-06,414.47
P0829,Product boiE,Equipment,254.12,397,23,2026-04-11,298.92
P0830,Product wPtn,Prescription,282.13,385,10,2026-07-02,349.51
P0831,Product bRXD,Prescription,362.41,263,16,2027-04-10,477.98
P0832,Product oVom,Wellness,121.94,33,41,2026-10-08,182.51
P0833,Product gqVf,Equipment,498.2,171,21,2027-06-20,680.38
P0834,Product twQf,Prescription,487.65,167,27,2026-04-07,575.28
P0835,Product Sfxp,Equipment,328.66,91,30,2025-05-26,367.44
P0836,Product uYUO,Wellness,107.78,412,33,2026-07-18,124.01
P0837,Product NerH,Prescription,343.31,168,37,2028-02-15,454.89
P0838,Product MJSE,Equipment,45.38,197,31,2026-08-24,63.81
P0839,Product kVYv,Prescription,25.02,69,29,2027-01-22,36.93
P0840,Product bSBq,Wellness,136.26,412,14,2025-11-04,150.75
P0841,Product HPLv,Equipment,236.69,314,27,2025-06-17,309.85
P0842,Product tjhU,Prescription,435.45,328,25,2028-02-22,561.01
P0843,Product qmCJ,Wellness,366.31,375,25,2027-11-25,499.07
P0844,Product KtNB,Prescription,373.93,220,47,2027-12-26,495.02
P0845,Product kxBG,Prescription,218.49,415,17,2027-10-09,300.38
P0846,Product BIqR,OTC,179.51,161,41,2026-04-18,244.71
P0847,Product tMbS,OTC,191.81,118,37,2026-10-07,219.97
P0848,Product EUkg,Wellness,493.95,85,28,2025-06-21,701.35
P0849,Product sPGS,OTC,29.65,39,48,2028-03-23,34.08
P0850,Product CZvv,Wellness,434.85,323,15,2026-04-27,599.84
P0851,Product OqWz,OTC,293.55,495,21,2026-12-17,371.77
P0852,Product bmOO,Prescription,224.92,126,8,2028-02-28,293.64
P0853,Product SAeA,Wellness,365.38,424,29,2027-02-16,533.94
P0854,Product XSIb,Wellness,248.47,365,34,2027-07-25,361.76
P0855,Product jgXa,Prescription,437.98,201,13,2026-03-17,625.06
P0856,Product voQr,Wellness,451.34,28,25,2025-11-28,588.57
P0857,Product RueT,Wellness,216.64,441,24,2028-01-03,302.1
P0858,Product Riyp,OTC,145.65,182,23,2026-02-25,190.1
P0859,Product mLFS,Wellness,300.25,237,23,2026-10-03,434.71
P0860,Product DfkU,Equipment,457.06,359,16,2027-04-17,576.4
P0861,Product stEA,Prescription,113.22,192,41,2027-03-07,168.48
P0862,Product jLBc,OTC,315.25,122,46,2028-01-05,464.34
P0863,Product kEwZ,OTC,319.46,192,21,2026-01-04,446.17
P0864,Product lFRw,Equipment,369.23,490,41,2027-04-06,447.42
P0865,Product gsvm,Prescription,74.47,155,43,2027-05-21,85.84
P0866,Product etAp,Prescription,360.75,328,32,2025-05-10,520.16
P0867,Product kjqP,OTC,455.43,125,45,2026-04-26,531.09
P0868,Product ZYwq,Wellness,98.04,122,39,2026-02-19,141.34
P0869,Product TTZX,OTC,126.4,260,22,2026-08-29,163.85
P0870,Product fnER,Prescription,485.98,485,18,2026-08-05,613.61
P0871,Product IZIX,Equipment,98.68,260,39,2027-05-13,144.2
P0872,Product pxJL,OTC,428.65,312,48,2027-03-30,575.05
P0873,Product aeUF,Prescription,251.22,468,45,2025-07-03,334.28
P0874,Product drwN,OTC,131.14,322,11,2026-02-13,173.56
P0875,Product MVIT,Wellness,436.67,127,45,2025-10-22,545.17
P0876,Product PBBU,OTC,228.2,310,17,2025-11-11,322.73
P0877,Product HWzB,OTC,262.26,170,22,2026-01-30,315.01
P0878,Product QFkI,Prescription,186.02,410,41,2025-08-30,274.48
P0879,Product TeKy,Prescription,300.55,207,17,2027-01-07,438.08
P0880,Product PIuM,Prescription,90.13,269,40,2027-09-30,111.31
P0881,Product jPqF,OTC,201.63,157,35,2026-10-17,280.63
P0882,Product Wtyy,Wellness,485.01,249,6,2028-01-30,644.72
P0883,Product SlMc,Equipment,136.49,56,20,2026-06-16,168.57
P0884,Product BUQm,Equipment,331.8,484,13,2027-03-10,496.18
P0885,Product jtdd,Prescription,169.34,408,13,2025-08-22,187.98
P0886,Product zTZh,Prescription,389.0,207,42,2027-04-10,467.21
P0887,Product tIYZ,OTC,74.13,56,15,2028-04-14,96.96
P0888,Product yjBA,Equipment,485.21,87,26,2027-12-16,635.03
P0889,Product vjRe,Prescription,232.36,133,37,2026-10-02,310.33
P0890,Product wgrJ,Wellness,125.66,84,40,2025-12-20,176.01
P0891,Product rNgc,Wellness,46.01,368,49,2027-05-31,62.09
P0892,Product xFGz,Prescription,93.18,146,27,2025-10-31,124.87
P0893,Product hhWh,Prescription,264.69,99,49,2026-06-14,296.82
P0894,Product mrzu,Equipment,175.13,409,49,2025-06-16,219.02
P0895,Product kEXS,Equipment,416.15,334,38,2025-11-05,496.39
P0896,Product TrrM,OTC,221.13,70,13,2025-12-04,266.72
P0897,Product irtK,Equipment,131.87,147,28,2026-02-10,174.3
P0898,Product bIvH,Wellness,312.4,59,12,2025-05-25,368.57
P0899,Product VHys,Wellness,356.32,268,11,2025-10-23,433.85
P0900,Product xvZo,Prescription,91.85,470,40,2027-06-11,109.75
P0901,Product Fphl,Equipment,92.13,116,22,2026-05-23,136.3
P0902,Product wLyl,OTC,27.97,122,7,2027-08-26,41.34
P0903,Product aDkX,Wellness,370.84,359,32,2025-09-19,498.4
P0904,Product aYBp,Wellness,335.26,263,10,2026-09-21,492.77
P0905,Product ufyQ,OTC,242.57,127,48,2027-12-26,343.07
P0906,Product qMnL,OTC,423.64,207,48,2025-07-10,565.97
P0907,Product mwGt,Wellness,404.78,346,25,2027-06-13,446.3
P0908,Product sFRj,Wellness,296.82,374,32,2027-07-28,418.22
P0909,Product CFlG,OTC,435.45,60,44,2027-11-10,601.35
P0910,Product gvUP,Wellness,110.86,254,5,2027-11-28,149.23
P0911,Product Tgyu,Prescription,64.84,412,40,2027-02-28,91.05
P0912,Product WAEB,Prescription,142.18,435,25,2026-03-14,185.57
P0913,Product YhsL,OTC,37.97,44,47,2026-10-15,52.46
P0914,Product WmQd,Equipment,270.27,311,39,2025-12-27,398.4
P0915,Product qSSN,OTC,468.94,419,17,2028-03-19,586.33
P0916,Product ylNW,OTC,29.28,78,14,2025-08-30,40.5
P0917,Product omjZ,Equipment,69.83,358,48,2028-02-19,90.1
P0918,Product ZJVL,Equipment,231.58,329,14,2027-09-15,317.21
P0919,Product BtiS,Equipment,467.6,430,17,2026-12-24,657.05
P0920,Product smqI,Prescription,164.92,477,41,2027-10-03,184.41
P0921,Product VHOW,Wellness,258.55,58,42,2027-07-05,351.28
P0922,Product QieR,Prescription,30.37,414,28,2027-07-15,36.16
P0923,Product KtiM,Wellness,82.69,83,6,2028-02-06,113.12
P0924,Product hgFF,Prescription,493.45,201,26,2025-10-12,635.23
P0925,Product PvtU,Wellness,482.91,270,21,2026-08-31,680.62
P0926,Product QEph,Prescription,12.42,365,40,2025-10-20,14.28
P0927,Product BecO,Equipment,476.39,79,18,2026-11-02,643.38
P0928,Product mDLt,OTC,323.17,99,14,2025-07-12,391.48
P0929,Product dbnO,Prescription,435.28,269,39,2025-06-19,627.32
P0930,Product oNxo,Wellness,232.82,135,29,2025-06-13,342.56
P0931,Product GxEZ,Equipment,262.64,240,7,2027-10-07,393.58
P0932,Product NHSf,Prescription,249.53,304,42,2027-07-29,353.93
P0933,Product XduR,Prescription,336.76,428,21,2026-04-22,471.97
P0934,Product PxCJ,Equipment,78.43,138,16,2027-08-11,93.03
P0935,Product nuap,Prescription,24.69,289,28,2028-02-28,30.48
P0936,Product Yrvz,OTC,160.89,322,33,2028-04-23,206.95
P0937,Product UCjt,Prescription,355.29,109,47,2026-05-16,500.73
P0938,Product xTkT,OTC,108.91,335,29,2027-11-25,159.66
P0939,Product IKFL,OTC,339.98,306,40,2027-10-22,399.7
P0940,Product jpwi,Equipment,485.26,191,30,2026-03-25,712.82
P0941,Product Aadb,Prescription,56.01,183,42,2025-12-29,77.2
P0942,Product fkdX,Equipment,339.58,325,5,2026-03-22,456.5
P0943,Product gAAz,Prescription,227.44,373,24,2026-06-12,268.36
P0944,Product mkzw,Prescription,435.39,197,32,2025-10-24,488.6
P0945,Product HtFv,Wellness,96.8,66,20,2025-06-13,128.49
P0946,Product UjMQ,Prescription,349.39,40,21,2028-02-25,475.38
P0947,Product Ciqw,Equipment,420.68,93,44,2025-10-27,498.22
P0948,Product bKnH,OTC,472.86,161,32,2025-11-07,625.4
P0949,Product Ozvn,Prescription,344.79,482,16,2026-09-29,497.39
P0950,Product gSmj,Wellness,253.62,45,31,2027-11-25,363.7
P0951,Product sryn,Equipment,312.75,222,46,2027-09-19,460.04
P0952,Product kslF,Prescription,435.76,423,34,2026-05-01,543.11
P0953,Product RGde,Equipment,289.6,417,45,2027-06-01,355.4
P0954,Product EHyQ,Wellness,24.89,373,38,2025-09-10,34.84
P0955,Product rwBT,Wellness,466.16,115,41,2027-11-20,593.16
P0956,Product rnAb,Equipment,347.87,423,10,2027-11-13,394.84
P0957,Product mjTJ,Prescription,341.49,351,11,2026-12-04,414.27
P0958,Product DmeK,OTC,115.68,229,36,2025-07-19,146.62
P0959,Product htAa,Wellness,332.85,400,36,2026-07-05,405.08
P0960,Product QzSo,Prescription,202.99,172,29,2026-12-02,250.26
P0961,Product kQSQ,Prescription,329.1,448,37,2028-03-02,400.68
P0962,Product YLqz,OTC,62.23,229,11,2028-03-26,69.49
P0963,Product Vecs,Wellness,332.34,279,16,2025-11-24,450.27
P0964,Product KZUp,Wellness,499.71,129,20,2025-08-04,669.07
P0965,Product WHDY,Prescription,33.62,403,20,2026-12-09,45.77
P0966,Product VnsZ,Prescription,488.82,345,47,2026-10-16,575.3
P0967,Product bIRx,OTC,209.38,409,40,2025-11-25,255.08
P0968,Product JYac,OTC,436.67,191,17,2025-11-06,588.56
P0969,Product khIS,Wellness,393.37,488,11,2026-01-23,527.06
P0970,Product nOoI,Equipment,287.84,115,40,2025-08-20,374.92
P0971,Product Jinm,Wellness,371.84,226,13,2026-02-04,461.14
P0972,Product CTpx,Prescription,440.47,214,36,2026-04-05,645.36
P0973,Product rzcI,Wellness,208.03,79,15,2025-08-14,257.11
P0974,Product dKuh,Equipment,170.25,53,12,2027-04-16,218.3
P0975,Product hKSk,OTC,337.12,338,37,2025-05-23,462.27
P0976,Product CGwL,Equipment,405.84,310,27,2028-03-06,534.58
P0977,Product FZxv,Equipment,383.52,237,29,2028-04-15,475.09
P0978,Product idgD,Equipment,400.93,193,12,2026-06-11,510.89
P0979,Product jWsF,OTC,223.44,116,49,2028-02-07,316.79
P0980,Product UzhB,Equipment,410.74,93,26,2026-09-06,497.51
P0981,Product LbvD,Equipment,68.9,347,8,2028-04-26,79.71
P0982,Product qJip,Equipment,276.8,259,44,2026-11-16,339.15
P0983,Product Qxfi,Prescription,12.82,372,7,2027-11-18,18.46
P0984,Product XxQn,Equipment,169.05,450,33,2028-04-07,191.97
P0985,Product CygJ,OTC,189.57,30,45,2027-06-01,283.73
P0986,Product FuUb,Equipment,204.12,205,33,2027-02-20,268.7
P0987,Product uXsj,Equipment,350.78,187,38,2027-12-10,524.04
P0988,Product nILY,OTC,200.39,426,38,2026-02-03,295.7
P0989,Product usJG,Equipment,229.86,484,32,2026-10-19,294.48
P0990,Product MZPE,OTC,126.4,16,17,2027-12-28,149.08
P0991,Product TrEh,Equipment,192.89,79,19,2026-09-05,224.9
P0992,Product YxDu,OTC,121.36,136,27,2026-11-12,145.15
P0993,Product fLBd,Equipment,45.87,408,48,2025-06-18,63.49
P0994,Product scFt,Equipment,305.69,475,30,2026-09-24,369.63
P0995,Product Dhrr,Prescription,337.42,169,8,2025-05-09,417.24
P0996,Product HuRr,Prescription,313.55,257,30,2025-12-26,401.19
P0997,Product Ujfu,Equipment,237.11,212,44,2027-08-09,347.44
P0998,Product LjMa,Equipment,196.1,157,13,2027-03-04,230.57
P0999,Product jqof,Wellness,433.03,481,9,2027-07-08,477.2
